section,prompt,masked,answer,missing,term_id
1. Completa els buits amb s o z,Amb aquell pinzell va fer el retrat d’una donzella de gran bellesa.,pin_ell,pinzell,z,7fa3ad27437bb103-1
1. Completa els buits amb s o z,Amb aquell pinzell va fer el retrat d’una donzella de gran bellesa.,don_ella,donzella,z,e12a85a0c82a3f9a-2
1. Completa els buits amb s o z,Amb aquell pinzell va fer el retrat d’una donzella de gran bellesa.,belle_a,bellesa,s,b79e920141a2feaf-3
1. Completa els buits amb s o z,N’Ezequiel va visitar el zoològic i va veure un mico saltant des d’un un trapezi i un ase jugant amb una zebra.,N’E_equiel,N’Ezequiel,z,a79e755d1ad0710b-4
1. Completa els buits amb s o z,N’Ezequiel va visitar el zoològic i va veure un mico saltant des d’un un trapezi i un ase jugant amb una zebra.,vi_itar,visitar,s,a5ad7ce7f92f457a-5
1. Completa els buits amb s o z,N’Ezequiel va visitar el zoològic i va veure un mico saltant des d’un un trapezi i un ase jugant amb una zebra.,_oològic,zoològic,z,0d33efe0cb7547d9-6
1. Completa els buits amb s o z,N’Ezequiel va visitar el zoològic i va veure un mico saltant des d’un un trapezi i un ase jugant amb una zebra.,trape_i,trapezi,z,2a6d4b20ea60ef07-7
1. Completa els buits amb s o z,N’Ezequiel va visitar el zoològic i va veure un mico saltant des d’un un trapezi i un ase jugant amb una zebra.,_ebra,zebra,z,6e47bea6623179fa-8
1. Completa els buits amb s o z,Els conferenciants varen posar molt d’enfàsi en la necessitat de tractar l’esquizofrènia i la psicosi des de diverses disciplines.,po_ar,posar,s,fd3873f26a2b0fe9-9
1. Completa els buits amb s o z,Els conferenciants varen posar molt d’enfàsi en la necessitat de tractar l’esquizofrènia i la psicosi des de diverses disciplines.,enfà_i,enfàsi,s,daa23f3199635bc9-10
1. Completa els buits amb s o z,Els conferenciants varen posar molt d’enfàsi en la necessitat de tractar l’esquizofrènia i la psicosi des de diverses disciplines.,esqui_ofrènia,esquizofrènia,z,53715e1d17f7cf91-11
1. Completa els buits amb s o z,Els conferenciants varen posar molt d’enfàsi en la necessitat de tractar l’esquizofrènia i la psicosi des de diverses disciplines.,psico_i,psicosi,s,86586cf68492a46e-12
1. Completa els buits amb s o z,La desorganització fou la causa del desastre.,de_organització,desorganització,s,7d643cfcea71c650-13
1. Completa els buits amb s o z,La desorganització fou la causa del desastre.,cau_a,causa,s,be124eae9aa3b119-14
1. Completa els buits amb s o z,La desorganització fou la causa del desastre.,de_astre,desastre,s,70479d503431cd37-15
1. Completa els buits amb s o z,Les pageses desaven la casa abans de posar-se a fer lletra.,page_es,pageses,s,fac3e60f91905d6c-16
1. Completa els buits amb s o z,Les pageses desaven la casa abans de posar-se a fer lletra.,de_aven,desaven,s,a2d361d61f363cb7-17
1. Completa els buits amb s o z,Les pageses desaven la casa abans de posar-se a fer lletra.,ca_a,casa,s,537878c3844210c0-18
1. Completa els buits amb s o z,Les pageses desaven la casa abans de posar-se a fer lletra.,po_ar-se,posar-se,s,5018c879a8b7e772-19
1. Completa els buits amb s o z,"Si na Rosa va néixer l’onze de desembre, quin és el seu signe del zodíac?",Ro_a,Rosa,s,d28589f8a3ed001e-20
1. Completa els buits amb s o z,"Si na Rosa va néixer l’onze de desembre, quin és el seu signe del zodíac?",on_e,onze,z,e8c242380b5fcd21-21
1. Completa els buits amb s o z,"Si na Rosa va néixer l’onze de desembre, quin és el seu signe del zodíac?",de_embre,desembre,s,8c61652bffd3b408-22
1. Completa els buits amb s o z,"Si na Rosa va néixer l’onze de desembre, quin és el seu signe del zodíac?",_odíac,zodíac,z,7c5f48c0f86b146c-23
2. Posa s o z en els buits segons correspon,Posa s o z en els buits segons correspon,osmo_i,osmosi,s,8923eb3896f7109a-24
2. Posa s o z en els buits segons correspon,Posa s o z en els buits segons correspon,re_ar,resar,s,d2bc8988d4bfa818-25
2. Posa s o z en els buits segons correspon,Posa s o z en els buits segons correspon,mú_ic,músic,s,9adc06719ca721a2-26
2. Posa s o z en els buits segons correspon,Posa s o z en els buits segons correspon,col_ada,colzada,z,01fed2eccd941959-27
2. Posa s o z en els buits segons correspon,Posa s o z en els buits segons correspon,esmor_ar,esmorzar,z,3be67be6a534e52a-28
2. Posa s o z en els buits segons correspon,Posa s o z en els buits segons correspon,trape_ista,trapezista,z,be2fe1a4b77978b0-29
2. Posa s o z en els buits segons correspon,Posa s o z en els buits segons correspon,re_ultat,resultat,s,cde02a9c3200cdcf-30
2. Posa s o z en els buits segons correspon,Posa s o z en els buits segons correspon,horit_ó,horitzó,z,8e83db22d121a52c-31
2. Posa s o z en els buits segons correspon,Posa s o z en els buits segons correspon,o_ó,ozó,z,5254b51926f85a58-32
2. Posa s o z en els buits segons correspon,Posa s o z en els buits segons correspon,al_ina,alzina,z,f51a6faf5f21098f-33
2. Posa s o z en els buits segons correspon,Posa s o z en els buits segons correspon,quin_e,quinze,z,0ae3668027b277cf-34
2. Posa s o z en els buits segons correspon,Posa s o z en els buits segons correspon,po_ició,posició,s,8fd819fc92bdeb6e-35
2. Posa s o z en els buits segons correspon,Posa s o z en els buits segons correspon,brun_ir,brunzir,z,3fa4b6a3c7ee039d-36
2. Posa s o z en els buits segons correspon,Posa s o z en els buits segons correspon,re_um,resum,s,384267f6b47c21c8-37
2. Posa s o z en els buits segons correspon,Posa s o z en els buits segons correspon,topa_i,topazi,z,0cdf068fb66b95b8-38
2. Posa s o z en els buits segons correspon,Posa s o z en els buits segons correspon,dipò_it,dipòsit,s,07c9497ed3f7535e-39
2. Posa s o z en els buits segons correspon,Posa s o z en els buits segons correspon,de_è,desè,s,4d11b2f758a99efa-40
2. Posa s o z en els buits segons correspon,Posa s o z en els buits segons correspon,recol_a,recolza,z,a97ca25a55fd867d-41
2. Posa s o z en els buits segons correspon,Posa s o z en els buits segons correspon,tre_or,tresor,s,2e1a5cdd62777e09-42
2. Posa s o z en els buits segons correspon,Posa s o z en els buits segons correspon,_ulu,zulu,z,f284a779eec24ff3-43
2. Posa s o z en els buits segons correspon,Posa s o z en els buits segons correspon,cerve_a,cervesa,s,9fe593004cdff9b9-44
2. Posa s o z en els buits segons correspon,Posa s o z en els buits segons correspon,bi_antí,bizantí,z,01afcde1166ef9e4-45
2. Posa s o z en els buits segons correspon,Posa s o z en els buits segons correspon,ben_ina,benzina,z,671b5bd9dd75a495-46
2. Posa s o z en els buits segons correspon,Posa s o z en els buits segons correspon,pre_ó,presó,s,8a01e6202804a5f3-47
4. Posa s o c en els espais en blanc,Posa s o c en els espais en blanc,_inistre,sinistre,s,6e8b2fce4ff2e882-48
4. Posa s o c en els espais en blanc,Posa s o c en els espais en blanc,_olitud,solitud,s,db68f1f695a2cc24-49
4. Posa s o c en els espais en blanc,Posa s o c en els espais en blanc,_uc,suc,s,9d8fe7c118a264ba-50
4. Posa s o c en els espais en blanc,Posa s o c en els espais en blanc,_erra,serra,s,47a833ffb3aef2b0-51
4. Posa s o c en els espais en blanc,Posa s o c en els espais en blanc,_ense,sense,s,8e4e0c93a8907ccc-52
4. Posa s o c en els espais en blanc,Posa s o c en els espais en blanc,_irerer,cirerer,c,1b7b62cd6d6dd53f-53
4. Posa s o c en els espais en blanc,Posa s o c en els espais en blanc,_el,cel,c,cc3ba2a3c236d005-54
4. Posa s o c en els espais en blanc,Posa s o c en els espais en blanc,_avi,savi,s,b1f5fbd8099ede3b-55
4. Posa s o c en els espais en blanc,Posa s o c en els espais en blanc,_istell,cistell,c,17113ffc7c71a899-56
4. Posa s o c en els espais en blanc,Posa s o c en els espais en blanc,_incer,sincer,s,96938f60342f69e5-57
4. Posa s o c en els espais en blanc,Posa s o c en els espais en blanc,_iment,ciment,c,59be81f4e1ce3425-58
4. Posa s o c en els espais en blanc,Posa s o c en els espais en blanc,_eller,celler,c,b940919484a1204e-59
4. Posa s o c en els espais en blanc,Posa s o c en els espais en blanc,_endrer,cendrer,c,1aaaed9578531147-60
4. Posa s o c en els espais en blanc,Posa s o c en els espais en blanc,_índria,síndria,s,fe497df0accfd305-61
4. Posa s o c en els espais en blanc,Posa s o c en els espais en blanc,_uro,suro,s,3a06d91aef576823-62
"6. Completa els espais en blanc amb s, c o ç","Completa els espais en blanc amb s, c o ç",cal_at,calçat,ç,cae11258d63fdc95-63
"6. Completa els espais en blanc amb s, c o ç","Completa els espais en blanc amb s, c o ç",pen_ar,pensar,s,547987691735e451-64
"6. Completa els espais en blanc amb s, c o ç","Completa els espais en blanc amb s, c o ç",llan_ar,llançar,ç,48c51dd9ed60f33d-65
"6. Completa els espais en blanc amb s, c o ç","Completa els espais en blanc amb s, c o ç",sal_a,salsa,s,bb6c45f80905c647-66
"6. Completa els espais en blanc amb s, c o ç","Completa els espais en blanc amb s, c o ç",roman_os,romanços,ç,cd98f8ea1c313793-67
"6. Completa els espais en blanc amb s, c o ç","Completa els espais en blanc amb s, c o ç",arron_ar,arronsar,s,7ec24fabb69ed32f-68
"6. Completa els espais en blanc amb s, c o ç","Completa els espais en blanc amb s, c o ç",comen_ament,començament,ç,a33c6e7c1ccd55b9-69
"6. Completa els espais en blanc amb s, c o ç","Completa els espais en blanc amb s, c o ç",coneixen_a,coneixença,ç,47b32e9f2ca21e9c-70
"6. Completa els espais en blanc amb s, c o ç","Completa els espais en blanc amb s, c o ç",mel_a,melsa,s,8ab4c17aaecf2730-71
"6. Completa els espais en blanc amb s, c o ç","Completa els espais en blanc amb s, c o ç",can_at,cansat,s,95b45876ba0ecc66-72
"6. Completa els espais en blanc amb s, c o ç","Completa els espais en blanc amb s, c o ç",in_istir,insistir,s,4f88948e83a356e5-73
"6. Completa els espais en blanc amb s, c o ç","Completa els espais en blanc amb s, c o ç",tinen_a,tinença,ç,7c532bf088f0fc5e-74
"6. Completa els espais en blanc amb s, c o ç","Completa els espais en blanc amb s, c o ç",sen_er,sencer,c,a54f2b406ef45c87-75
"6. Completa els espais en blanc amb s, c o ç","Completa els espais en blanc amb s, c o ç",descal_,descalç,ç,da9d2d4a02762730-76
"6. Completa els espais en blanc amb s, c o ç","Completa els espais en blanc amb s, c o ç",inèr_ia,inèrcia,c,fd0eea500596593f-77
"6. Completa els espais en blanc amb s, c o ç","Completa els espais en blanc amb s, c o ç",recan_es,recances,c,ec6fdff2f624aff3-78
"7. Copia les oracions i completa-les amb s, ss, c o ç",En Vicent diu que en l’entresòl viu massa gent.,Vi_ent,Vicent,c,81fb2244d9fe5809-79
"7. Copia les oracions i completa-les amb s, ss, c o ç",En Vicent diu que en l’entresòl viu massa gent.,entre_òl,entresòl,s,7c8551771801fa27-80
"7. Copia les oracions i completa-les amb s, ss, c o ç",En Vicent diu que en l’entresòl viu massa gent.,ma__a,massa,ss,4ee3c6e047949029-81
"7. Copia les oracions i completa-les amb s, ss, c o ç",En acabar la lliçó faran un assaig de la cançó de l’excursió.,lli_ó,lliçó,ç,64bce0dd3ee267ee-82
"7. Copia les oracions i completa-les amb s, ss, c o ç",En acabar la lliçó faran un assaig de la cançó de l’excursió.,a__aig,assaig,ss,b4952b3f43741747-83
"7. Copia les oracions i completa-les amb s, ss, c o ç",En acabar la lliçó faran un assaig de la cançó de l’excursió.,can_ó,cançó,ç,ca0e18ec78654512-84
"7. Copia les oracions i completa-les amb s, ss, c o ç",En acabar la lliçó faran un assaig de la cançó de l’excursió.,excur_ió,excursió,s,5543f6b059889564-85
"7. Copia les oracions i completa-les amb s, ss, c o ç",Hem partit els pastissos a trossos pensant en els més voraços.,pasti__os,pastissos,ss,1f3d20fb2ce8139f-86
"7. Copia les oracions i completa-les amb s, ss, c o ç",Hem partit els pastissos a trossos pensant en els més voraços.,tro__os,trossos,ss,75923aa934b67e91-87
"7. Copia les oracions i completa-les amb s, ss, c o ç",Hem partit els pastissos a trossos pensant en els més voraços.,pen_ant,pensant,s,a4ab9839f82e5005-88
"7. Copia les oracions i completa-les amb s, ss, c o ç",Hem partit els pastissos a trossos pensant en els més voraços.,vora_os,voraços,ç,a425477b3163213c-89
"7. Copia les oracions i completa-les amb s, ss, c o ç",Hi ha comunicació quan l’emissor emet un missatge i el receptor l’entén.,comuni_ació,comunicació,c,9be1d9c56bd48a19-90
"7. Copia les oracions i completa-les amb s, ss, c o ç",Hi ha comunicació quan l’emissor emet un missatge i el receptor l’entén.,emi__or,emissor,ss,959dd61ab871d3ea-91
"7. Copia les oracions i completa-les amb s, ss, c o ç",Hi ha comunicació quan l’emissor emet un missatge i el receptor l’entén.,mi__atge,missatge,ss,c1231655931e2731-92
"7. Copia les oracions i completa-les amb s, ss, c o ç",Hi ha comunicació quan l’emissor emet un missatge i el receptor l’entén.,re_eptor,receptor,c,0ffa66e25446b245-93
"7. Copia les oracions i completa-les amb s, ss, c o ç",En donar quatre passes pel passadís se sentia vençut per l’esforç i dissimulava la seva depressió.,pa__es,passes,ss,dd276a9a30bcd7d8-94
"7. Copia les oracions i completa-les amb s, ss, c o ç",En donar quatre passes pel passadís se sentia vençut per l’esforç i dissimulava la seva depressió.,pa__adís,passadís,ss,6913773c8cc80e39-95
"7. Copia les oracions i completa-les amb s, ss, c o ç",En donar quatre passes pel passadís se sentia vençut per l’esforç i dissimulava la seva depressió.,_entia,sentia,s,dbcbbdb696de105e-96
"7. Copia les oracions i completa-les amb s, ss, c o ç",En donar quatre passes pel passadís se sentia vençut per l’esforç i dissimulava la seva depressió.,ven_ut,vençut,ç,727705abcacebd00-97
"7. Copia les oracions i completa-les amb s, ss, c o ç",En donar quatre passes pel passadís se sentia vençut per l’esforç i dissimulava la seva depressió.,esfor_,esforç,ç,096e650af116f5dc-98
"7. Copia les oracions i completa-les amb s, ss, c o ç",En donar quatre passes pel passadís se sentia vençut per l’esforç i dissimulava la seva depressió.,di__imulava,dissimulava,ss,bd81e3fd25fd72cc-99
"7. Copia les oracions i completa-les amb s, ss, c o ç",En donar quatre passes pel passadís se sentia vençut per l’esforç i dissimulava la seva depressió.,depre__ió,depressió,ss,8ff47125516d5a02-100
"7. Copia les oracions i completa-les amb s, ss, c o ç","Per carnestoltes, el carabassat i la sobrassada disfressen l’ensaïmada.",carne_toltes,carnestoltes,s,19c736632efd4289-101
"7. Copia les oracions i completa-les amb s, ss, c o ç","Per carnestoltes, el carabassat i la sobrassada disfressen l’ensaïmada.",caraba__at,carabassat,ss,bb8f90963c6cb53f-102
"7. Copia les oracions i completa-les amb s, ss, c o ç","Per carnestoltes, el carabassat i la sobrassada disfressen l’ensaïmada.",sobra__ada,sobrassada,ss,91e7ee68939240a7-103
"7. Copia les oracions i completa-les amb s, ss, c o ç","Per carnestoltes, el carabassat i la sobrassada disfressen l’ensaïmada.",disfre__en,disfressen,ss,752263d0cdad0f32-104
"7. Copia les oracions i completa-les amb s, ss, c o ç","Per carnestoltes, el carabassat i la sobrassada disfressen l’ensaïmada.",en_aïmada,ensaïmada,s,031a3ce6efa0ef48-105
"7. Copia les oracions i completa-les amb s, ss, c o ç",Estaven feliços perquè havien aprovat un examen de ciències dificilíssim.,feli_os,feliços,ç,29a6aaa08a5dad17-106
"7. Copia les oracions i completa-les amb s, ss, c o ç",Estaven feliços perquè havien aprovat un examen de ciències dificilíssim.,_ièn_ies,ciències,cc,8e9ee0dadf3595b9-107
"7. Copia les oracions i completa-les amb s, ss, c o ç",Estaven feliços perquè havien aprovat un examen de ciències dificilíssim.,difi_ilí__im,dificilíssim,css,39ab56ff294f0ae5-108
"7. Copia les oracions i completa-les amb s, ss, c o ç","Jo no vull que facis res que paregui impossible, però això que et deman és ben fàcil.",fa_is,facis,c,b238a35103c0adf3-109
"7. Copia les oracions i completa-les amb s, ss, c o ç","Jo no vull que facis res que paregui impossible, però això que et deman és ben fàcil.",impo__ible,impossible,ss,d1bba03b7f2c3113-110
"7. Copia les oracions i completa-les amb s, ss, c o ç","Jo no vull que facis res que paregui impossible, però això que et deman és ben fàcil.",fà_il,fàcil,c,7b635e780508f976-111
8. Copia les paraules i omple’n els buits amb la grafia correcta,Copia les paraules i omple’n els buits amb la grafia correcta,tro__os,trossos,ss,03f4a9895516d3d4-112
8. Copia les paraules i omple’n els buits amb la grafia correcta,Copia les paraules i omple’n els buits amb la grafia correcta,ma__ís,massís,ss,5da8daf7f877f75a-113
8. Copia les paraules i omple’n els buits amb la grafia correcta,Copia les paraules i omple’n els buits amb la grafia correcta,pla_a,plaça,ç,d7c41f85a7115a49-114
8. Copia les paraules i omple’n els buits amb la grafia correcta,Copia les paraules i omple’n els buits amb la grafia correcta,_inema,cinema,c,35cf3f7789a6eeb6-115
8. Copia les paraules i omple’n els buits amb la grafia correcta,Copia les paraules i omple’n els buits amb la grafia correcta,pro_essó,processó,c,04d2d8865d87e2c2-116
8. Copia les paraules i omple’n els buits amb la grafia correcta,Copia les paraules i omple’n els buits amb la grafia correcta,_entinella,sentinella,s,59a4e992272d5aa9-117
8. Copia les paraules i omple’n els buits amb la grafia correcta,Copia les paraules i omple’n els buits amb la grafia correcta,carni__era,carnissera,ss,9dbdb27d9c082bee-118
8. Copia les paraules i omple’n els buits amb la grafia correcta,Copia les paraules i omple’n els buits amb la grafia correcta,batlle__a,batllessa,ss,59d43a7edcd7531d-119
8. Copia les paraules i omple’n els buits amb la grafia correcta,Copia les paraules i omple’n els buits amb la grafia correcta,fero_,feroç,ç,b86f4919e41e010d-120
8. Copia les paraules i omple’n els buits amb la grafia correcta,Copia les paraules i omple’n els buits amb la grafia correcta,prome_a,promesa,s,49afb0e3291c5f00-121
8. Copia les paraules i omple’n els buits amb la grafia correcta,Copia les paraules i omple’n els buits amb la grafia correcta,pla_es,places,c,cb35fbb087ef6584-122
8. Copia les paraules i omple’n els buits amb la grafia correcta,Copia les paraules i omple’n els buits amb la grafia correcta,desguà_,desguàs,s,81a006549ce5a5d0-123
8. Copia les paraules i omple’n els buits amb la grafia correcta,Copia les paraules i omple’n els buits amb la grafia correcta,page_a,pagesa,s,f56c3dfd5a79e5fc-124
8. Copia les paraules i omple’n els buits amb la grafia correcta,Copia les paraules i omple’n els buits amb la grafia correcta,ama_ona,amazona,z,13991e4a0707ac46-125
8. Copia les paraules i omple’n els buits amb la grafia correcta,Copia les paraules i omple’n els buits amb la grafia correcta,duque__a,duquessa,ss,8776d61dc03ce629-126
8. Copia les paraules i omple’n els buits amb la grafia correcta,Copia les paraules i omple’n els buits amb la grafia correcta,tendre_a,tendresa,s,745c3f1c3e79a47a-127
8. Copia les paraules i omple’n els buits amb la grafia correcta,Copia les paraules i omple’n els buits amb la grafia correcta,cri_i,crisi,s,6e5a255f21c1d097-128
8. Copia les paraules i omple’n els buits amb la grafia correcta,Copia les paraules i omple’n els buits amb la grafia correcta,tra_ar,traçar,ç,5e7f75e90a9d7a9c-129
8. Copia les paraules i omple’n els buits amb la grafia correcta,Copia les paraules i omple’n els buits amb la grafia correcta,fa_e,fase,s,0cfe4ee3578a706e-130
8. Copia les paraules i omple’n els buits amb la grafia correcta,Copia les paraules i omple’n els buits amb la grafia correcta,_etrill,setrill,s,44437d1d8b757bd0-131
8. Copia les paraules i omple’n els buits amb la grafia correcta,Copia les paraules i omple’n els buits amb la grafia correcta,ba_tida,bastida,s,9979128043866eb9-132
8. Copia les paraules i omple’n els buits amb la grafia correcta,Copia les paraules i omple’n els buits amb la grafia correcta,feli_itat,felicitat,c,70f4eb931cf72978-133
8. Copia les paraules i omple’n els buits amb la grafia correcta,Copia les paraules i omple’n els buits amb la grafia correcta,esperan_a,esperança,ç,9236d64ce57039eb-134
8. Copia les paraules i omple’n els buits amb la grafia correcta,Copia les paraules i omple’n els buits amb la grafia correcta,estru_,estruç,ç,e9031f51a9e8e4f4-135
8. Copia les paraules i omple’n els buits amb la grafia correcta,Copia les paraules i omple’n els buits amb la grafia correcta,Suï__a,Suïssa,ss,8c3a5283ce70a321-136
8. Copia les paraules i omple’n els buits amb la grafia correcta,Copia les paraules i omple’n els buits amb la grafia correcta,_ona,zona,z,30c6b067c75ad5d3-137
8. Copia les paraules i omple’n els buits amb la grafia correcta,Copia les paraules i omple’n els buits amb la grafia correcta,velo_,veloç,ç,190f9e8382aefd95-138
8. Copia les paraules i omple’n els buits amb la grafia correcta,Copia les paraules i omple’n els buits amb la grafia correcta,fí_ica,física,s,09174ea41886604b-139
8. Copia les paraules i omple’n els buits amb la grafia correcta,Copia les paraules i omple’n els buits amb la grafia correcta,esmor_ar,esmorzar,z,f5c5be61b272cb58-140
8. Copia les paraules i omple’n els buits amb la grafia correcta,Copia les paraules i omple’n els buits amb la grafia correcta,proto_ou,protozou,z,8dfe5c8170701d51-141
8. Copia les paraules i omple’n els buits amb la grafia correcta,Copia les paraules i omple’n els buits amb la grafia correcta,marque_a,marquesa,s,71e6070d528c7f6c-142
8. Copia les paraules i omple’n els buits amb la grafia correcta,Copia les paraules i omple’n els buits amb la grafia correcta,prín_ep,príncep,c,982fd42c896ee45f-143
